{"count":1,"gauges":{},"self":6.1392684,"total":9.5090858,"children":{"AgentResetIfDone":{"count":407,"self":0.0090373,"total":0.0090373,"children":null},"AgentSendState":{"count":407,"self":0.0440577,"total":0.13580129999999999,"children":{"CollectObservations":{"count":1221,"self":0.0917436,"total":0.0917436,"children":null}}},"DecideAction":{"count":407,"self":3.1939827999999997,"total":3.1939827999999997,"children":null},"AcademyStep":{"count":407,"self":0,"total":0,"children":null},"AgentAct":{"count":407,"self":0.029997299999999998,"total":0.029997299999999998,"children":null}}}